{
    "宁夏银川保南村": {
        "coherence_score": 0.34405490909105607,
        "topics": [
            "直播(0.0280), 价格(0.0120), 想着(0.0100), 账号(0.0080), 保_南村(0.0080), 钱(0.0080)",
            "数字(0.0330), 真人(0.0110), 产品(0.0100), 形象(0.0100), 系统(0.0100), 技术(0.0090)",
            "种植(0.0190), 农业(0.0140), 小_番茄(0.0120), 村民(0.0110), 账号(0.0100), 菜(0.0100)"
        ]
    },
    "河北行唐龙洞村": {
        "coherence_score": 0.4749146698552324,
        "topics": [
            "快_手(0.0400), 平台(0.0300), 数字(0.0210), 目的(0.0200), 残疾人(0.0150), 钱(0.0140)",
            "残疾人(0.0450), 农村(0.0240), 脚本(0.0230), 数字(0.0220), 残疾人_就业(0.0210), 运营(0.0200)",
            "数字(0.0460), 快_手(0.0210), 粉丝(0.0180), 销售(0.0180), 平台(0.0180), 关键词(0.0150)"
        ]
    },
    "贵州省泮水镇西安村": {
        "coherence_score": 0.649537490771331,
        "topics": [
            "直播(0.0490), 结合(0.0140), 案例(0.0140), 内容(0.0140), 销售(0.0140), 产品(0.0140)",
            "话术(0.0240), 农产品(0.0170), 整体(0.0170), 结合(0.0170), 特色(0.0170), 产品(0.0170)",
            "合作(0.0400), 平台(0.0400), 百度(0.0250), 整体(0.0250), 直播(0.0240), 邀约(0.0170)"
        ]
    }
}