{
    "宁夏银川保南村": {
        "coherence_score": 0.4077553121989271,
        "topics": [
            "钱(0.0100), 企业(0.0100), 了解(0.0090), 集体(0.0090), 账号(0.0090), 电商(0.0080)",
            "种植(0.0130), 书记(0.0130), 产业(0.0100), 公司(0.0100), 基地(0.0080), 宁夏(0.0080)",
            "播(0.0170), 形象(0.0150), 生成(0.0130), 系统(0.0130), 产品(0.0110), 快_手(0.0100)"
        ]
    },
    "河北行唐龙洞村": {
        "coherence_score": 0.39705304742118347,
        "topics": [
            "快_手(0.0420), 平台(0.0270), 账号(0.0170), 合作(0.0140), 残疾人(0.0140), 卖货(0.0110)",
            "用户(0.0210), 产品(0.0190), 粉丝(0.0170), 话术(0.0150), 责任(0.0110), 帮助(0.0110)",
            "残疾人(0.0240), 就业(0.0220), 对接(0.0180), 平台(0.0170), 快_手(0.0160), 乡村_振兴(0.0140)"
        ]
    }
}