{
    "宁夏银川保南村": {
        "coherence_score": 0.3470936167278153,
        "topics": [
            "直播(0.0280), 数字(0.0200), 账号(0.0120), 了解(0.0100), 价格(0.0090), 钱(0.0080)",
            "基地(0.0160), 直播(0.0150), 公司(0.0140), 宁夏(0.0130), 集体(0.0120), 联系(0.0110)",
            "产业(0.0160), 技术(0.0150), 能够(0.0140), 希望(0.0130), 农业(0.0130), 企业(0.0110)"
        ]
    },
    "河北行唐龙洞村": {
        "coherence_score": 0.5142642164532943,
        "topics": [
            "数字(0.0420), 快_手(0.0300), 直播(0.0170), 平台(0.0140), 产品(0.0110), 合作(0.0110)",
            "数字(0.0300), 账号(0.0210), 快_手(0.0200), 找(0.0160), 对接(0.0150), 脚本(0.0150)",
            "残疾人(0.0430), 平台(0.0400), 快_手(0.0300), 数字(0.0290), 乡村_振兴(0.0140), 农村(0.0120)"
        ]
    }
}